filenames,x,y,Width,Height,Label
Person10_10,24,4,3000,3952,lavenderDie
Person10_11,24,20,3000,4012,lavenderDie
Person10_12,895,782,1677,2156,cactusPaper
Person10_13,204,2396,1852,1636,cactusPaper
Person10_14,752,724,1440,1900,plaidPencil
Person10_15,636,872,2160,1200,plaidPencil
Person10_16,1424,176,244,3484,plaidPencil
Person10_17,2383,106,644,691,lavenderDie
Person10_18,1380,1824,616,2028,partyFavor
Person10_18,600,2272,792,828,miniCards
Person10_18,48,36,896,1524,plaidPencil
Person10_18,772,980,304,308,lavenderDie
Person10_19,584,432,852,1676,sign
Person10_19,844,1556,916,524,voiceRecorder
Person10_19,360,736,932,2356,plaidPencil
Person10_19,1172,2560,308,324,lavenderDie
Person10_19,1344,3420,700,612,partyFavor
Person10_1,560,2788,228,236,lavenderDie
Person10_1,964,1096,544,416,miniCards
Person10_1,404,960,708,1772,plaidPencil
Person10_1,1124,1584,1228,480,sign
Person10_1,1584,2208,1260,1008,partyFavor
Person10_1,1156,2452,608,852,voiceRecorder
Person10_20,1212,1804,860,852,miniCards
Person10_20,72,2428,2952,1604,partyFavor
Person10_21,840,728,252,3152,plaidPencil
Person10_22,436,1724,540,2292,cactusPaper
Person10_23,260,1448,2000,1252,miniCards
Person10_24,1244,2796,976,1004,miniCards
Person10_25,395,356,3115,385,plaidPencil
Person10_2,160,2412,1944,1620,cactusPaper
Person10_3,476,1852,448,2132,cactusPaper
Person10_4,1348,864,428,1888,plaidPencil
Person10_5,1030,103,871,2170,plaidPencil
Person10_6,1807,1220,2194,1789,cactusPaper
Person10_7,1592,2780,776,872,miniCards
Person10_7,1968,2420,460,376,lavenderDie
Person10_8,548,1360,2152,2092,lavenderDie
Person10_9,564,1772,1644,1584,lavenderDie
Person11_10,1825,768,186,263,cactusPaper
Person11_11,3508,1474,389,326,cactusPaper
Person11_12,3468,1479,360,321,cactusPaper
Person11_13,2360,482,157,469,giftBag
Person11_14,2048,1182,86,94,foamDart
Person11_15,2428,385,246,323,cupcakePaper
Person11_16,3225,1091,203,165,rainbowPens
Person11_17,1705,422,292,732,noisemaker
Person11_18,2085,359,577,1186,noisemaker
Person11_19,2751,785,106,123,eyeball
Person11_1,2040,648,214,403,foamDart
Person11_20,2194,956,303,295,giftBag
Person11_21,1577,854,160,268,rainbowPens
Person11_22,2068,999,274,389,cupcakePaper
Person11_23,1871,788,229,234,rainbowPens
Person11_24,2534,768,288,531,foamDart
Person11_25,1771,768,843,997,cupcakePaper
Person11_26,1831,848,520,117,rainbowPens
Person11_27,1345,574,632,117,rainbowPens
Person11_28,1400,391,202,194,hairClip
Person11_29,1614,362,1117,366,cactusPaper
Person11_2,1908,522,277,266,foamDart
Person11_30,1208,31,609,623,giftBag
Person11_3,1980,714,217,305,rainbowPens
Person11_4,2162,585,180,191,rainbowPens
Person11_5,2048,459,89,77,eyeball
Person11_6,1791,845,91,91,eyeball
Person11_7,880,1296,102,106,foamDart
Person11_7,2257,562,80,106,eyeball
Person11_8,1605,256,146,229,foamDart
Person11_9,2222,848,215,217,foamDart
Person12_10,392,805,3692,1311,noisemaker
Person12_11,1562,1583,1845,318,noisemaker
Person12_11,2632,1927,334,48,legoBracelet
Person12_12,1844,1038,685,578,hairClip
Person12_12,1158,205,1071,1604,legoBracelet
Person12_12,984,109,4200,3333,yellowBag
Person12_13,1829,1057,1429,1600,yellowBag
Person12_13,2581,990,255,267,hairClip
Person12_13,2429,509,544,614,legoBracelet
Person12_15,2144,1342,885,963,pumpkinNotes
Person12_1,1881,979,1263,1337,yellowBag
Person12_1,2195,2212,1034,1234,cactusPaper
Person12_2,1862,872,959,1440,cactusPaper
Person12_2,2944,923,1411,1752,yellowBag
Person12_3,1747,1160,1145,1056,cactusPaper
Person12_4,2429,1216,963,889,pumpkinNotes
Person12_5,2147,2186,674,541,pumpkinNotes
Person12_5,3114,1931,226,229,hairClip
Person12_5,3729,1501,1026,641,yellowBag
Person12_5,3166,1520,955,1044,cactusPaper
Person12_6,2081,1231,1011,959,hairClip
Person12_7,3,1297,4922,926,noisemaker
Person12_7,1095,20,923,740,cactusPaper
Person12_7,3062,264,345,196,hairClip
Person12_8,2173,1238,659,619,legoBracelet
Person12_8,3247,86,278,211,hairClip
Person12_8,88,1,1404,2563,noisemaker
Person12_8,1399,5,759,385,cactusPaper
Person12_9,2055,20,714,3433,noisemaker
Person13_10,1295,33,1388,923,blueSunglasses
Person13_11,839,609,2353,794,birdCall
Person13_12,1095,441,897,847,miniCards
Person13_12,1577,641,1268,1168,birdCall
Person13_13,1272,662,1261,1218,cupcakePaper
Person13_13,369,309,1488,1241,partyFavor
Person13_14,16,112,1314,1215,blueSunglasses
Person13_14,1116,1194,979,756,legoBracelet
Person13_14,1492,1,2518,1540,paperPlate
Person13_15,1227,783,503,297,legoBracelet
Person13_16,1636,347,1030,1174,partyFavor
Person13_16,1322,38,1944,1922,paperPlate
Person13_17,616,706,861,1035,legoBracelet
Person13_17,454,18,2606,1223,blueSunglasses
Person13_18,1839,803,330,203,cupcakePaper
Person13_19,1483,530,633,538,paperPlate
Person13_19,1533,533,394,250,partyFavor
Person13_1,1319,347,1079,297,blueSunglasses
Person13_1,533,412,886,897,partyFavor
Person13_1,1345,924,644,544,legoBracelet
Person13_1,2027,662,965,744,cupcakePaper
Person13_1,2057,609,432,262,miniCards
Person13_1,1260,627,570,303,birdCall
Person13_1,745,212,2129,1538,paperPlate
Person13_20,1816,262,123,88,legoBracelet
Person13_20,1083,562,209,332,blueSunglasses
Person13_20,1963,1077,544,453,paperPlate
Person13_20,2074,1077,303,235,partyFavor
Person13_21,2530,109,127,121,miniCards
Person13_21,1345,624,112,97,legoBracelet
Person13_21,516,800,185,291,blueSunglasses
Person13_21,1095,1359,544,374,paperPlate
Person13_21,1313,1315,223,244,partyFavor
Person13_22,1963,1333,226,344,cupcakePaper
Person13_23,301,1024,691,573,paperPlate
Person13_23,722,1109,258,327,partyFavor
Person13_23,1819,1056,367,277,miniCards
Person13_23,1954,865,368,218,birdCall
Person13_23,2016,221,158,150,legoBracelet
Person13_23,813,27,276,247,blueSunglasses
Person13_24,989,247,1312,1062,birdCall
Person13_25,1522,353,1664,1303,miniCards
Person13_26,1295,133,1312,1573,partyFavor
Person13_27,1619,115,564,738,partyFavor
Person13_27,1413,212,1203,924,blueSunglasses
Person13_28,1310,733,614,629,legoBracelet
Person13_29,410,18,2244,1926,paperPlate
Person13_29,1045,824,1132,779,cupcakePaper
Person13_2,792,200,1403,883,blueSunglasses
Person13_2,1533,215,318,423,birdCall
Person13_2,2230,88,1112,495,partyFavor
Person13_2,3069,591,655,333,miniCards
Person13_2,3366,730,666,791,cupcakePaper
Person13_2,1501,415,579,306,legoBracelet
Person13_30,1222,533,1579,1194,miniCards
Person13_31,901,533,568,817,birdCall
Person13_31,1233,647,453,597,miniCards
Person13_31,2045,9,1979,1088,paperPlate
Person13_32,645,430,938,1038,blueSunglasses
Person13_32,730,12,353,762,partyFavor
Person13_32,724,750,474,471,birdCall
Person13_32,1033,800,333,453,legoBracelet
Person13_32,1463,1203,723,747,cupcakePaper
Person13_32,1066,812,223,388,miniCards
Person13_33,577,480,636,667,cupcakePaper
Person13_33,1551,88,318,465,birdCall
Person13_33,2251,441,997,427,partyFavor
Person13_33,1380,206,983,650,blueSunglasses
Person13_33,1560,456,391,309,legoBracelet
Person13_33,1686,521,250,117,miniCards
Person13_34,1389,586,668,691,partyFavor
Person13_35,1457,953,644,535,miniCards
Person13_36,1351,518,1291,297,legoBracelet
Person13_37,1054,936,662,379,blueSunglasses
Person13_3,777,1006,909,732,cupcakePaper
Person13_3,1692,986,459,455,miniCards
Person13_3,2651,618,712,853,partyFavor
Person13_3,1554,18,947,535,blueSunglasses
Person13_3,1845,159,512,341,birdCall
Person13_3,1807,418,465,191,legoBracelet
Person13_4,833,383,1171,1011,miniCards
Person13_5,698,453,1568,900,partyFavor
Person13_5,1416,577,1350,1200,cupcakePaper
Person13_6,913,150,1388,1653,blueSunglasses
Person13_7,1433,524,406,441,birdCall
Person13_8,730,1165,630,626,legoBracelet
Person13_8,1566,56,1153,1103,cupcakePaper
Person13_9,1180,424,1277,1203,paperPlate
Person14_10,315,802,505,364,canadaPencil
Person14_10,518,993,133,167,pinkCandle
Person14_10,499,341,235,236,birdCall
Person14_11,398,524,651,502,pumpkinNotes
Person14_12,110,198,832,718,cloudSign
Person14_12,256,920,662,595,pumpkinNotes
Person14_13,384,627,486,208,pinkCandle
Person14_14,503,756,90,110,miniCards
Person14_14,679,682,133,99,birdCall
Person14_15,210,477,268,350,miniCards
Person14_15,776,156,423,335,birdCall
Person14_16,260,421,754,61,canadaPencil
Person14_16,203,404,218,191,birdCall
Person14_17,393,510,99,421,canadaPencil
Person14_17,653,640,326,436,cloudSign
Person14_18,388,649,121,98,gyroscope
Person14_19,554,702,131,118,birdCall
Person14_1,209,243,686,819,cloudSign
Person14_2,474,71,479,583,cloudSign
Person14_4,299,677,343,279,gyroscope
Person14_5,490,771,309,392,gyroscope
Person14_6,393,401,422,551,miniCards
Person14_7,343,638,435,310,miniCards
Person14_8,224,391,532,486,canadaPencil
Person14_9,185,356,699,600,canadaPencil
Person15_10,373,1079,823,517,birdCall
Person15_11,495,749,183,328,foamDart
Person15_11,476,1284,198,316,noisemaker
Person15_11,759,1265,181,335,noisemaker
Person15_11,314,1257,84,294,canadaPencil
Person15_12,723,176,217,322,foamDart
Person15_13,73,77,160,119,voiceRecorder
Person15_1,59,2,567,1516,noisemaker
Person15_1,551,68,316,828,noisemaker
Person15_2,601,188,222,1285,noisemaker
Person15_2,3,7,628,1581,noisemaker
Person15_3,337,151,652,1386,sign
Person15_4,71,432,894,1147,sign
Person15_4,24,210,1016,872,noisemaker
Person15_4,976,201,224,381,noisemaker
Person15_5,454,927,549,536,hairRoller
Person15_6,549,682,540,381,hairRoller
Person15_7,370,2,779,732,pinkEraser
Person15_8,223,449,770,288,pinkEraser
Person15_9,479,871,555,380,birdCall
Person16_1,1333,629,730,1500,plaidPencil
Person16_2,1810,547,176,1379,plaidPencil
Person16_3,2424,1462,503,217,trophy
Person16_4,1769,1468,214,158,lavenderDie
Person16_5,1904,1429,253,224,birdCall
Person16_6,1463,1268,1203,423,plaidPencil
Person16_7,1845,1176,627,527,cowbell
Person16_8,1095,141,1947,2685,yellowBag
Person16_9,1083,473,1612,2350,metalKey
Person17_10,1744,1157,243,250,rubiksCube
Person17_11,1698,1181,289,233,rubiksCube
Person17_12,1782,952,302,257,rubiksCube
Person17_13,1972,676,529,848,redBow
Person17_14,1314,1793,168,213,redBow
Person17_15,963,895,109,131,stickerBox
Person17_16,2129,745,239,243,rainbowPens
Person17_17,1329,1019,215,283,rubiksCube
Person17_18,1408,1193,433,104,glassBead
Person17_19,1004,977,620,1455,rainbowPens
Person17_1,1908,1188,362,369,glassBead
Person17_1,1879,540,617,424,rainbowPens
Person17_20,404,1357,1094,255,rainbowPens
Person17_20,1191,1599,330,310,rubiksCube
Person17_20,1375,1390,410,774,redBow
Person17_20,1688,1790,223,303,stickerBox
Person17_22,995,1812,171,110,rubiksCube
Person17_23,972,1170,116,194,rainbowPens
Person17_24,995,793,138,122,rubiksCube
Person17_25,924,1506,551,748,stickerBox
Person17_26,1268,1343,380,526,glassBead
Person17_27,1156,1680,571,752,glassBead
Person17_28,956,919,1065,983,rainbowPens
Person17_29,2415,726,107,657,rainbowPens
Person17_2,1548,1388,234,236,rubiksCube
Person17_2,91,1555,681,638,rainbowPens
Person17_30,2287,1195,121,555,rainbowPens
Person17_31,1298,1135,174,129,rubiksCube
Person17_32,924,2122,422,300,stickerBox
Person17_33,1311,1277,277,325,rainbowPens
Person17_34,1291,2148,430,703,glassBead
Person17_35,1414,1883,97,129,rubiksCube
Person17_36,1840,699,90,249,rainbowPens
Person17_37,956,1322,532,145,rainbowPens
Person17_37,1250,1506,177,151,rubiksCube
Person17_38,872,1525,687,390,glassBead
Person17_39,782,1790,839,596,glassBead
Person17_3,1196,909,298,215,stickerBox
Person17_3,1856,500,326,224,redBow
Person17_3,2853,2074,381,374,glassBead
Person17_3,2679,1462,515,397,rainbowPens
Person17_40,1587,1021,692,738,glassBead
Person17_41,1506,1002,140,253,rainbowPens
Person17_42,1156,1122,148,639,rainbowPens
Person17_43,1059,1193,607,842,rainbowPens
Person17_44,533,1499,833,358,rainbowPens
Person17_44,1653,1612,384,458,glassBead
Person17_45,1391,1448,136,364,rainbowPens
Person17_46,1333,1228,94,100,rainbowPens
Person17_47,640,1235,758,1884,rainbowPens
Person17_48,901,1512,145,110,rubiksCube
Person17_49,1040,1377,190,161,rubiksCube
Person17_4,1091,469,1791,1690,redBow
Person17_50,1095,1696,187,165,rubiksCube
Person17_51,1056,1012,455,123,rainbowPens
Person17_52,879,1102,203,159,rubiksCube
Person17_52,1511,1215,184,142,rainbowPens
Person17_54,882,2038,987,745,glassBead
Person17_55,814,1202,323,259,stickerBox
Person17_56,1062,1696,207,513,rainbowPens
Person17_57,830,1425,768,232,rainbowPens
Person17_58,1032,1581,83,88,rubiksCube
Person17_59,937,1167,161,129,stickerBox
Person17_5,1394,1012,347,316,stickerBox
Person17_5,2406,640,438,291,redBow
Person17_60,562,1302,884,846,blueSunglasses
Person17_61,621,619,77,100,birdCall
Person17_62,1030,1419,429,435,blueSunglasses
Person17_63,1651,507,602,857,blueSunglasses
Person17_64,2179,1628,236,131,blueSunglasses
Person17_6,1584,562,174,221,stickerBox
Person17_7,988,1141,171,216,rubiksCube
Person17_8,1694,1050,338,555,glassBead
Person17_9,996,145,626,1033,rainbowPens
Person18_1,1951,2023,811,852,birdCall
Person18_2,2410,1053,571,1804,silverStraw
Person18_3,3073,1646,341,348,lavenderDie
Person18_4,2295,2805,234,289,lavenderDie
Person18_5,1210,760,2108,1852,pinkEraser
Person18_6,2332,1442,475,730,redWhistle
Person18_7,1958,1,2434,3100,giftBag
Person18_8,2507,1435,1796,1125,metalKey
Person18_9,899,1560,1367,997,birdCall
Person18_9,2255,1949,392,523,lavenderDie
Person18_9,2762,1297,582,1182,pinkEraser
Person18_9,3310,1294,526,989,redWhistle
Person18_9,1395,1590,1700,1866,silverStraw
Person19_1,2144,823,925,889,eyeball
Person19_2,1732,1516,863,870,eyeball
Person19_3,1325,490,2233,837,pinkEraser
Person19_3,1955,75,1066,3334,gClamp
Person19_4,1403,197,1729,3259,gClamp
Person19_4,1595,1494,1374,592,pinkEraser
Person19_4,1969,786,949,856,glassBead
Person19_5,1499,1775,1537,685,pinkEraser
Person19_5,1284,242,1845,3214,gClamp
Person19_5,1925,868,1037,1063,glassBead
Person19_6,1088,560,2630,1000,hairRoller
Person19_6,2062,412,963,3019,gClamp
Person19_7,532,594,808,1174,hairRoller
Person19_7,1399,779,641,981,pinkEraser
Person19_7,1166,31,1981,852,gClamp
Person19_7,1877,401,1167,815,gyroscope
Person19_7,144,35,4351,3421,paperPlate
Person19_7,621,1705,989,733,glassBead
Person19_8,755,1720,914,640,glassBead
Person19_8,1558,953,641,930,pinkEraser
Person19_8,673,646,748,1114,hairRoller
Person19_8,1414,349,1811,708,gClamp
Person19_8,2903,1672,1285,885,gyroscope
Person19_8,329,64,3944,3378,paperPlate
Person1_10,1845,632,1000,1441,vancouverCards
Person1_11,2380,465,844,1814,pinkEraser
Person1_1,1663,412,864,2538,noisemaker
Person1_2,2054,915,165,676,rainbowPens
Person1_4,768,535,1208,744,miniCards
Person1_6,1780,1259,462,367,miniCards
Person1_7,1848,700,1259,1279,yellowBalloon
Person1_8,1098,965,1238,755,trophy
Person1_9,1924,1294,515,229,trophy
Person2_10,1064,904,572,616,blueSunglasses
Person2_10,2288,968,136,184,spiderRing
Person2_10,2228,996,208,348,metalKey
Person2_11,680,2536,568,572,blueSunglasses
Person2_11,1016,588,1864,2568,noisemaker
Person2_11,264,532,2324,2152,noisemaker
Person2_11,1088,1352,112,104,brownDie
Person2_11,1048,1424,144,112,lavenderDie
Person2_12,768,2000,1736,748,noisemaker
Person2_12,976,2340,1556,744,noisemaker
Person2_12,1064,2936,512,440,blueSunglasses
Person2_12,1340,2752,100,124,spiderRing
Person2_12,1592,2772,140,84,brownDie
Person2_12,268,2168,736,808,yellowBalloon
Person2_12,324,444,688,764,yellowBalloon
Person2_12,1116,256,416,404,blueSunglasses
Person2_12,1320,684,136,156,spiderRing
Person2_12,1576,728,124,84,brownDie
Person2_12,1456,620,176,152,metalKey
Person2_12,668,804,1680,672,noisemaker
Person2_12,1000,504,1456,636,noisemaker
Person2_13,360,192,1344,3240,noisemaker
Person2_13,1648,2284,820,860,yellowBalloon
Person2_14,920,512,688,1436,blueSunglasses
Person2_15,2236,2388,212,748,metalKey
Person2_15,904,1112,1108,344,blueSunglasses
Person2_15,1324,1200,268,208,brownDie
Person2_15,888,1560,368,272,hairClip
Person2_15,360,2476,364,360,spiderRing
Person2_1,324,1008,2300,2464,noisemaker
Person2_1,1124,420,1628,1840,yellowBalloon
Person2_2,696,1160,1084,1712,metalKey
Person2_2,756,1364,640,528,hairClip
Person2_3,1098,576,1682,1336,blueSunglasses
Person2_3,1577,1588,321,356,brownDie
Person2_4,576,1164,2448,2720,noisemaker
Person2_5,751,1191,1856,1000,metalKey
Person2_5,2383,968,609,955,spiderRing
Person2_5,1516,1126,453,459,lavenderDie
Person2_5,1660,1891,438,462,brownDie
Person2_6,1504,1292,1192,2092,blueSunglasses
Person2_6,20,1104,2408,2288,yellowBalloon
Person2_6,320,480,248,704,metalKey
Person2_6,100,764,224,252,brownDie
Person2_6,1156,1008,188,164,lavenderDie
Person2_6,2324,2192,464,592,noisemaker
Person2_6,4,1424,332,464,noisemaker
Person2_7,648,3,3384,1050,noisemaker
Person2_7,1,597,2353,735,noisemaker
Person2_7,622,747,2691,921,blueSunglasses
Person2_7,1742,909,571,1044,spiderRing
Person2_8,1188,668,1420,1272,blueSunglasses
Person2_8,520,1720,504,444,spiderRing
Person2_8,536,2396,1068,360,metalKey
Person2_8,1012,2520,320,236,brownDie
Person2_8,1136,2564,172,276,lavenderDie
Person2_9,2557,897,397,341,lavenderDie
Person3_10,353,417,3647,2100,rainbowPens
Person3_11,800,2735,273,265,glassBead
Person3_11,850,294,1214,1197,rainbowPens
Person3_11,1532,1,2468,1972,giftBag
Person3_12,461,403,3042,2300,giftBag
Person3_13,3332,894,447,426,glassBead
Person3_13,397,806,1691,1617,cowbell
Person3_13,1829,1035,1779,1300,yellowBalloon
Person3_14,2438,800,1062,2129,yellowBalloon
Person3_14,1526,147,977,582,rainbowPens
Person3_14,1103,985,882,1129,yellowBalloon
Person3_15,2338,264,1100,883,rainbowPens
Person3_15,2382,1447,600,982,rainbowPens
Person3_16,341,717,576,1671,rainbowPens
Person3_17,585,250,2218,2476,yellowBalloon
Person3_18,544,273,2517,2065,yellowBalloon
Person3_19,744,191,2717,2709,yellowBalloon
Person3_1,885,861,1168,1953,yellowBalloon
Person3_1,482,1338,385,359,glassBead
Person3_1,1320,458,438,356,glassBead
Person3_1,2111,1432,403,409,glassBead
Person3_20,917,232,2141,2424,yellowBalloon
Person3_21,564,1552,1988,2004,yellowBalloon
Person3_22,1297,714,1685,1344,rainbowPens
Person3_23,1582,717,1897,1880,pumpkinNotes
Person3_23,1629,297,794,703,rainbowPens
Person3_23,1,8,593,1127,cowbell
Person3_24,1347,1123,2297,641,rainbowPens
Person3_24,8,1,3992,2999,giftBag
Person3_24,453,364,1461,850,rainbowPens
Person3_25,47,145,150,67,voiceRecorder
Person3_2,17,1432,736,700,glassBead
Person3_2,3279,1382,721,741,glassBead
Person3_2,873,567,2177,2430,yellowBalloon
Person3_2,1697,529,388,79,glassBead
Person3_3,2473,985,830,753,glassBead
Person3_4,917,903,1686,1300,glassBead
Person3_5,1306,426,941,644,glassBead
Person3_6,958,308,1745,1918,cowbell
Person3_7,841,14,323,2777,rainbowPens
Person3_7,1503,450,1223,1332,pumpkinNotes
Person3_8,470,1047,2662,1711,rainbowPens
Person3_8,882,164,2368,1156,pumpkinNotes
Person3_9,2553,1538,1232,770,rainbowPens
Person3_9,173,408,2253,2103,pumpkinNotes
Person4_10,1216,1810,491,297,miniCards
Person4_11,577,1154,812,1015,miniCards
Person4_12,2104,719,1179,782,canadaPencil
Person4_13,1095,260,562,512,canadaPencil
Person4_14,2142,748,332,306,rubiksCube
Person4_15,2439,1454,374,644,canadaPencil
Person4_16,1930,1398,474,674,cupcakePaper
Person4_17,489,478,1488,1256,yellowBalloon
Person4_18,2730,572,465,332,rubiksCube
Person4_18,3157,684,385,453,miniCards
Person4_18,1522,1042,250,215,lavenderDie
Person4_19,198,328,1671,1488,yellowBalloon
Person4_19,2948,1113,418,362,rubiksCube
Person4_19,3180,1392,274,200,hairClip
Person4_19,3098,1519,438,409,miniCards
Person4_19,2230,95,642,659,cupcakePaper
Person4_19,2289,348,1012,636,canadaPencil
Person4_19,2442,401,830,797,plaidPencil
Person4_1,1192,1057,865,433,plaidPencil
Person4_20,1813,1178,1676,797,canadaPencil
Person4_20,1816,948,1561,871,plaidPencil
Person4_21,966,472,2441,1000,canadaPencil
Person4_21,569,540,2532,1000,plaidPencil
Person4_22,433,492,3327,1162,plaidPencil
Person4_23,1001,187,2250,520,canadaPencil
Person4_24,2445,537,1256,297,canadaPencil
Person4_24,1492,560,309,144,plaidPencil
Person4_25,689,1145,3235,259,plaidPencil
Person4_2,886,1022,886,362,plaidPencil
Person4_2,2183,704,439,521,rubiksCube
Person4_3,1042,998,838,262,plaidPencil
Person4_4,1357,1187,379,341,hairClip
Person4_5,866,875,191,188,hairClip
Person4_6,1210,1187,1182,794,cupcakePaper
Person4_7,1454,1013,1588,1215,cupcakePaper
Person4_8,1724,1142,609,456,yellowBalloon
Person4_9,1772,192,767,818,yellowBalloon
Person5_12,2477,403,820,408,redWhistle
Person5_13,2416,1942,846,400,redWhistle
Person5_13,812,727,477,1242,legoBracelet
Person5_16,3520,750,942,915,sign
Person5_17,1262,561,719,908,sign
Person5_17,2300,965,908,315,pinkEraser
Person5_18,2885,884,435,427,eyeball
Person5_18,1143,1846,631,719,legoBracelet
Person5_19,4181,1077,146,253,yellowBalloon
Person5_1,2531,1480,477,377,eyeball
Person5_21,4135,2273,385,173,pinkEraser
Person5_22,1512,646,185,196,yellowBalloon
Person5_23,1031,1411,162,177,yellowBalloon
Person5_23,1113,1314,83,42,legoBracelet
Person5_24,2104,1315,285,162,redWhistle
Person5_25,2270,519,350,138,redWhistle
Person5_25,3562,2634,185,158,eyeball
Person5_26,4258,1819,496,308,pinkEraser
Person5_27,1774,1184,92,89,pinkEraser
Person5_28,2208,1234,577,504,eyeball
Person5_29,2308,1627,554,561,eyeball
Person5_29,3258,242,977,2219,sign
Person5_2,2527,615,1147,735,sign
Person5_2,2674,1665,411,296,eyeball
Person5_30,2650,1711,604,523,eyeball
Person5_30,1454,196,1000,1969,sign
Person5_31,2350,1469,200,154,eyeball
Person5_32,1900,1588,954,908,yellowBalloon
Person5_33,1970,1334,496,300,yellowBalloon
Person5_35,3274,1950,507,511,eyeball
Person5_35,2408,280,377,793,pinkEraser
Person5_35,162,727,1346,776,sign
Person5_36,1239,2115,115,108,eyeball
Person5_37,2681,1500,212,169,eyeball
Person5_37,3435,1557,173,323,legoBracelet
Person5_38,4220,561,207,69,pinkEraser
Person5_38,4485,565,158,88,redWhistle
Person5_3,2527,430,958,723,sign
Person5_3,2639,1384,354,354,eyeball
Person5_3,1385,2003,339,647,legoBracelet
Person5_40,1466,1877,427,419,eyeball
Person5_41,2504,896,546,304,legoBracelet
Person5_41,2204,1530,370,535,pinkEraser
Person5_41,2177,2153,373,424,eyeball
Person5_42,1827,1373,381,569,pinkEraser
Person5_42,1754,2088,485,462,eyeball
Person5_42,2147,615,611,450,legoBracelet
Person5_42,2224,677,457,253,redWhistle
Person5_43,2035,411,292,250,eyeball
Person5_43,3035,892,527,519,legoBracelet
Person5_4,1374,1807,365,546,legoBracelet
Person5_4,2412,1380,373,273,eyeball
Person5_4,2350,957,824,316,pinkEraser
Person5_5,1412,1973,435,527,legoBracelet
Person5_5,2485,700,777,369,pinkEraser
Person5_5,1858,1673,700,280,redWhistle
Person5_6,1931,1715,658,227,redWhistle
Person5_6,1512,1980,369,485,legoBracelet
Person5_6,2466,773,808,354,pinkEraser
Person5_7,220,1911,988,500,sign
Person5_7,2885,780,362,323,eyeball
Person5_8,1550,603,389,412,eyeball
Person5_8,3974,207,696,739,legoBracelet
Person5_8,2374,1292,696,223,pinkEraser
Person6_10,1810,407,967,918,yellowBag
Person6_11,1207,554,470,550,redBow
Person6_12,1342,66,391,321,silverStraw
Person6_13,2348,1707,538,503,pinkCandle
Person6_14,2436,940,621,620,pinkCandle
Person6_14,830,619,1021,1618,redBow
Person6_15,1039,857,500,530,yellowBalloon
Person6_16,983,807,600,565,yellowBalloon
Person6_17,904,828,391,1191,pinkCandle
Person6_18,1545,1554,744,668,yellowBag
Person6_19,2410,1657,397,215,pinkCandle
Person6_1,2451,945,432,345,rubiksCube
Person6_1,2866,1048,447,509,miniCards
Person6_1,2922,942,220,209,lavenderDie
Person6_20,2357,234,382,585,pinkCandle
Person6_21,1095,7,1556,1083,yellowBalloon
Person6_21,2192,863,1668,1379,yellowBag
Person6_21,2422,1069,529,676,foamDart
Person6_21,2930,1416,142,156,lavenderDie
Person6_21,3048,1495,306,371,pinkCandle
Person6_21,2113,969,1206,294,silverStraw
Person6_21,2889,516,891,438,redBow
Person6_22,2527,1222,133,70,silverStraw
Person6_23,2722,687,435,453,lavenderDie
Person6_24,1042,228,777,329,redBow
Person6_25,2442,698,118,406,pinkCandle
Person6_26,522,984,1152,341,pinkCandle
Person6_27,2095,1763,294,247,lavenderDie
Person6_28,3013,704,161,144,lavenderDie
Person6_29,1769,1195,114,121,lavenderDie
Person6_2,1160,1451,376,218,foamDart
Person6_30,1604,1134,618,223,silverStraw
Person6_3,1198,1851,618,250,foamDart
Person6_4,1733,1087,562,1088,redBow
Person6_5,1939,1510,147,100,foamDart
Person6_6,2598,1422,238,109,foamDart
Person6_7,2004,1410,188,94,foamDart
Person6_8,639,1428,635,453,yellowBag
Person6_9,1442,295,674,1133,yellowBag
Person7_10,133,841,1330,1174,redWhistle
Person7_11,2495,1582,474,615,trophy
Person7_12,1651,356,406,964,trophy
Person7_12,1763,894,1306,903,blueSunglasses
Person7_12,804,1153,344,444,redWhistle
Person7_12,1057,1120,329,1398,canadaPencil
Person7_12,777,1003,1736,1532,cactusPaper
Person7_12,1554,950,173,191,brownDie
Person7_12,574,818,2145,1429,paperPlate
Person7_13,2757,1153,859,1291,trophy
Person7_14,2339,1432,1383,780,trophy
Person7_14,463,947,2038,838,canadaPencil
Person7_15,1216,1585,2561,1368,canadaPencil
Person7_16,2019,1462,253,282,brownDie
Person7_17,1492,1982,482,721,redWhistle
Person7_1,1654,1068,2068,1141,canadaPencil
Person7_1,927,447,1609,2294,cactusPaper
Person7_2,922,212,1041,2485,blueSunglasses
Person7_3,2057,1741,253,294,brownDie
Person7_4,1398,797,1359,759,trophy
Person7_5,477,1162,1686,1047,blueSunglasses
Person7_6,2519,1812,273,253,brownDie
Person7_7,769,968,2379,2056,paperPlate
Person7_8,272,650,1923,797,blueSunglasses
Person7_9,1589,650,1535,956,trophy
Person7_9,2945,1694,753,668,redWhistle
Person8_1,1513,812,944,897,cloudSign
Person8_2,1860,1482,450,474,rubiksCube
Person8_3,1789,1,1171,1990,vancouverCards
Person8_4,1298,1368,1218,885,voiceRecorder
Person8_6,1366,1200,1820,1032,cactusPaper
Person8_8,1472,2041,1405,606,silverStraw
Person8_9,24,216,556,291,metalKey
Person9_10,1536,1006,841,632,blueSunglasses
Person9_11,1951,529,1629,356,pinkCandle
Person9_12,1701,9,526,244,blueSunglasses
Person9_13,610,691,514,153,pinkEraser
Person9_14,472,597,573,194,pinkEraser
Person9_15,527,2141,668,621,blueSunglasses
Person9_16,610,973,2926,1303,blueSunglasses
Person9_17,692,1215,477,570,hairRoller
Person9_18,630,1344,456,582,hairRoller
Person9_19,892,1423,391,495,hairRoller
Person9_1,1584,527,1778,2130,stickerBox
Person9_20,798,1047,2312,1076,hairRoller
Person9_21,860,588,1608,2808,cactusPaper
Person9_22,608,620,1420,2672,cactusPaper
Person9_23,704,268,1172,2116,cactusPaper
Person9_24,532,488,1472,2476,cactusPaper
Person9_25,1063,782,2323,983,blueSunglasses
Person9_26,2183,282,230,547,metalKey
Person9_2,654,941,2556,779,metalKey
Person9_3,2177,1523,1674,186,metalKey
Person9_3,1057,1020,1270,639,hairRoller
Person9_4,2427,750,312,912,pinkCandle
Person9_4,2283,1647,621,553,hairRoller
Person9_5,2119,179,232,1389,pinkCandle
Person9_6,1383,144,1094,365,blueSunglasses
Person9_7,1395,862,1938,697,blueSunglasses
Person9_8,2124,891,1618,638,blueSunglasses
Person9_8,142,838,809,582,hairRoller
Person9_9,1424,1203,827,570,blueSunglasses
Person20_10,1788,897,296,387,redBow
Person20_11,2452,505,25,66,gClamp
Person20_12,2152,602,42,99,gClamp
Person20_16,2188,888,768,446,noisemaker
Person20_17,1902,1316,54,117,gClamp
Person20_18,2326,410,150,156,redBow
Person20_19,2119,593,170,217,redBow
Person20_1,1808,574,397,568,partyFavor
Person20_20,1471,629,294,442,metalKey
Person20_21,2250,879,383,365,metalKey
Person20_22,2489,785,192,178,eyeball
Person20_23,2726,1168,210,213,eyeball
Person20_24,982,653,653,549,cloudSign
Person20_24,3,1256,147,167,hairClip
Person20_25,948,637,662,550,cloudSign
Person20_26,1586,693,285,176,gClamp
Person20_27,1894,265,164,320,redBow
Person20_29,1547,920,509,732,partyFavor
Person20_2,2024,560,183,244,partyFavor
Person20_4,1775,652,350,286,cloudSign
Person20_5,1075,965,127,105,hairClip
Person20_6,1861,529,218,1050,noisemaker
Person20_7,2016,638,363,841,noisemaker
Person20_8,1679,861,423,332,cloudSign
Person20_8,2093,1456,250,328,noisemaker
Person20_9,1743,1443,309,357,redBow
Person21_1,2235,508,1230,1083,yellowBag
Person21_2,2535,1244,877,970,pumpkinNotes
Person21_2,1159,1767,488,247,rubiksCube
Person21_3,2535,1961,512,612,gClamp
Person21_3,1700,1667,977,518,sign
Person21_4,3135,667,336,371,pumpkinNotes
Person21_4,3916,1020,177,459,gClamp
Person21_4,2841,1285,318,541,sign
Person21_4,535,1042,116,108,lavenderDie
Person21_4,1624,2285,222,217,rubiksCube
Person21_4,3630,1491,632,789,yellowBag
Person22_1,1986,686,223,750,gClamp
Person22_2,971,469,850,312,blueSunglasses
Person22_2,1321,1044,419,612,trophy
Person22_3,1313,400,491,823,canadaPencil
Person22_4,115,1769,2531,1056,gClamp
Person22_4,1371,1013,1244,2250,trophy
Person22_4,896,1531,857,657,stickerBox
Person22_4,1878,500,1146,538,foamDart
Person22_5,591,659,600,718,stickerBox
Person22_5,2232,1164,1795,436,canadaPencil
Person22_6,996,244,907,594,blueSunglasses
Person22_6,1271,1200,413,750,foamDart
Person22_7,1059,1291,673,718,foamDart
Person22_7,1818,1796,773,554,gClamp
Person22_7,1154,1,1559,1740,giftBag
Person22_8,684,1588,494,968,trophy
Person22_8,1215,388,913,325,blueSunglasses
Person23_10,1100,1168,668,350,gClamp
Person23_11,1772,1486,319,496,gClamp
Person23_12,1245,1154,555,473,gClamp
Person23_13,2209,2259,1077,587,gClamp
Person23_14,2163,1764,191,332,gClamp
Person23_15,1095,650,782,418,gClamp
Person23_16,1500,1636,477,1000,gClamp
Person23_17,1445,109,2518,2877,gClamp
Person23_19,1063,1455,1032,550,gClamp
Person23_1,1913,786,828,514,gClamp
Person23_1,1622,1332,210,204,brownDie
Person23_1,1718,918,1268,1509,rainbowPens
Person23_1,1918,2005,586,595,pinkCandle
Person23_1,1550,927,318,250,redWhistle
Person23_20,3059,1018,436,228,redWhistle
Person23_21,2241,1050,909,1450,redWhistle
Person23_22,2691,1905,368,236,redWhistle
Person23_23,2827,1796,345,250,redWhistle
Person23_25,1732,1586,195,182,redWhistle
Person23_26,1582,1332,209,186,redWhistle
Person23_27,1745,827,364,273,redWhistle
Person23_28,1327,1309,532,268,redWhistle
Person23_29,604,764,864,1132,redWhistle
Person23_2,1504,1859,205,209,brownDie
Person23_2,1850,1841,768,495,gClamp
Person23_2,1577,1482,364,250,redWhistle
Person23_31,1046,1814,1586,923,redWhistle
Person23_32,1532,1600,454,627,redWhistle
Person23_33,2395,1382,441,218,redWhistle
Person23_34,1463,1473,1132,241,rainbowPens
Person23_35,1036,391,1405,1100,rainbowPens
Person23_36,2400,314,254,1663,rainbowPens
Person23_37,1745,850,414,605,rainbowPens
Person23_39,1636,1468,1359,282,rainbowPens
Person23_3,2513,1091,500,564,rainbowPens
Person23_40,145,1211,3887,853,rainbowPens
Person23_41,491,1550,1573,145,rainbowPens
Person23_42,1532,1523,472,350,rainbowPens
Person23_43,1702,1207,1998,1161,rainbowPens
Person23_44,1772,1301,2060,1240,rainbowPens
Person23_45,1013,1496,2162,1522,rainbowPens
Person23_46,366,1016,3166,330,rainbowPens
Person23_47,336,2368,1409,656,brownDie
Person23_48,97,698,675,602,brownDie
Person23_49,2804,1974,609,512,brownDie
Person23_4,1577,918,432,578,redWhistle
Person23_4,3350,1,559,695,rainbowPens
Person23_50,1451,986,380,355,brownDie
Person23_51,2187,1257,379,355,brownDie
Person23_52,1648,1191,274,232,brownDie
Person23_53,1246,2207,331,329,brownDie
Person23_54,980,1651,352,349,brownDie
Person23_55,1455,1099,304,292,brownDie
Person23_56,3568,2170,204,230,brownDie
Person23_57,3411,908,289,251,brownDie
Person23_58,3004,1628,300,318,brownDie
Person23_59,2174,1094,153,161,brownDie
Person23_60,2418,1396,554,454,brownDie
Person23_61,1186,2182,227,223,brownDie
Person23_62,668,1423,204,682,pinkCandle
Person23_63,1527,1427,395,705,pinkCandle
Person23_64,1118,1141,186,1277,pinkCandle
Person23_65,591,1614,1641,259,pinkCandle
Person23_66,1163,991,646,182,pinkCandle
Person23_67,1472,1236,873,205,pinkCandle
Person23_68,1318,1255,741,191,pinkCandle
Person23_69,3872,1877,110,319,pinkCandle
Person23_70,3245,1650,423,82,pinkCandle
Person23_71,2195,2236,250,219,pinkCandle
Person23_72,1582,1691,1568,1132,pinkCandle
Person23_73,768,659,786,900,cupcakePaper
Person23_74,1700,591,1054,1455,cupcakePaper
Person23_75,450,855,804,986,cupcakePaper
Person23_76,723,496,1373,2036,cupcakePaper
Person23_77,941,880,1900,1361,cupcakePaper
Person23_78,939,1909,856,305,cupcakePaper
Person23_79,777,1630,277,793,cupcakePaper
Person23_7,1422,1250,364,459,gClamp
Person23_80,1459,946,1859,1759,cupcakePaper
Person23_81,1080,1130,1129,1434,cupcakePaper
Person23_82,1523,818,1222,1600,cupcakePaper
Person23_83,784,498,1611,1848,cupcakePaper
Person23_8,1391,1559,504,650,gClamp
Person23_9,1554,1282,559,404,gClamp
Person24_10,682,1359,1640,732,gClamp
Person24_10,3132,246,900,981,legoBracelet
Person24_11,682,1350,1659,746,gClamp
Person24_11,3141,241,891,1005,legoBracelet
Person24_12,963,1364,1528,663,gClamp
Person24_12,118,2577,3182,164,silverStraw
Person24_13,954,1355,1528,677,gClamp
Person24_13,118,2596,3173,145,silverStraw
Person24_14,106,76,55,167,voiceRecorder
Person24_1,3354,423,678,736,miniCards
Person24_2,750,323,1000,1518,miniCards
Person24_3,1,373,4031,1218,gClamp
Person24_3,91,286,1586,1569,miniCards
Person24_4,209,218,1423,1514,miniCards
Person24_4,9,355,4023,1122,gClamp
Person24_4,2178,814,1145,1632,spiderRing
Person24_5,139,121,1274,1051,spiderRing
Person24_5,1895,596,932,1700,legoBracelet
Person24_7,686,186,1564,1032,legoBracelet
Person24_7,2068,14,1964,2132,miniCards
Person24_8,136,455,3755,1281,silverStraw
Person24_9,141,455,3754,1277,silverStraw
Person25_10,1218,1559,1927,1018,canadaPencil
Person25_11,513,805,2864,1059,canadaPencil
Person25_12,2332,1155,1459,1277,miniCards
Person25_13,1313,1032,964,1036,miniCards
Person25_14,1836,1191,891,900,miniCards
Person25_15,1627,1427,1695,1597,miniCards
Person25_16,1400,1009,827,700,miniCards
Person25_16,563,14,2809,3010,paperPlate
Person25_17,718,1436,1664,732,carabiner
Person25_18,1395,773,868,1082,carabiner
Person25_19,1322,1141,1864,1436,carabiner
Person25_1,982,5,2527,3013,paperPlate
Person25_20,977,50,2618,2586,partyFavor
Person25_21,1918,436,1450,2588,partyFavor
Person25_22,1727,55,1723,2969,partyFavor
Person25_22,877,5,3155,3019,paperPlate
Person25_23,1391,2259,550,550,brownDie
Person25_23,1636,14,2105,2386,partyFavor
Person25_24,659,973,500,395,brownDie
Person25_25,2304,618,646,587,brownDie
Person25_26,2072,1214,1960,1810,miniCards
Person25_26,536,696,1877,2168,partyFavor
Person25_2,950,1,2518,3023,paperPlate
Person25_3,172,305,2137,1204,sign
Person25_4,109,886,3027,1514,sign
Person25_5,1427,914,2150,1104,sign
Person25_6,867,236,1740,1282,sign
Person25_7,1009,1636,2677,1085,sign
Person25_8,1713,982,2319,1241,sign
Person25_9,1109,1036,2123,1396,canadaPencil
Person26_2,564,1197,159,222,foamDart
Person26_5,812,364,1085,1164,cloudSign
Person26_6,131,157,33,24,carabiner
Person27_10,1268,359,164,350,legoBracelet
Person27_11,1668,1914,259,222,legoBracelet
Person27_12,2413,46,441,1440,pinkCandle
Person27_13,2468,2686,391,260,pumpkinNotes
Person27_14,1200,1582,586,704,pumpkinNotes
Person27_2,1654,1850,541,182,carabiner
Person27_3,2013,814,828,445,carabiner
Person27_4,2754,1664,450,304,blueSunglasses
Person27_5,1545,46,814,318,blueSunglasses
Person27_6,459,327,1645,619,blueSunglasses
Person27_7,3136,1232,423,264,blueSunglasses
Person27_8,732,902,231,127,hairRoller
Person27_9,400,311,56,43,legoBracelet
Person28_1,1418,1132,318,323,spiderRing
Person28_2,1138,1139,334,452,spiderRing
Person28_3,2582,1282,427,473,hairClip
Person28_3,1182,955,613,813,stickerBox
Person28_4,1153,2450,412,744,yellowBag
Person28_4,1278,2088,137,431,carabiner
Person28_5,1221,1981,500,507,cowbell
Person28_6,96,64,70,121,pinkEraser
Person29_10,1,1,4031,2926,trophy
Person29_11,1859,814,395,341,lavenderDie
Person29_11,1863,1150,996,1874,trophy
Person29_12,2877,1859,428,586,glassBead
Person29_12,2200,1586,182,150,lavenderDie
Person29_12,2322,882,591,941,redBow
Person29_12,3300,746,732,1967,plaidPencil
Person29_12,1413,2259,828,477,trophy
Person29_13,1259,250,2773,1636,trophy
Person29_14,3109,1214,568,332,redWhistle
Person29_1,320,200,1565,1744,redBow
Person29_2,309,46,3454,2781,redBow
Person29_3,927,900,1159,1646,redBow
Person29_4,1977,1546,941,859,carabiner
Person29_5,1541,1186,713,610,lavenderDie
Person29_6,150,1800,1882,241,glassBead
Person29_7,1227,946,1264,1004,trophy
Person29_7,2636,905,677,409,redWhistle
Person29_7,463,1786,1146,1050,redBow
Person29_7,932,927,527,1150,carabiner
Person29_8,1159,509,1823,2146,plaidPencil
Person29_9,872,1268,1819,300,plaidPencil
Person30_10,1386,1486,1319,486,metalKey
Person30_11,146,879,308,319,rainbowPens
Person30_11,1,179,176,169,rubiksCube
Person30_11,679,834,94,122,eyeball
Person30_11,683,544,142,202,carabiner
Person30_12,623,958,156,146,metalKey
Person30_12,383,1158,125,122,eyeball
Person30_12,2,1056,332,105,rainbowPens
Person30_12,640,804,179,309,carabiner
Person30_13,150,873,242,238,rubiksCube
Person30_13,46,273,798,338,rainbowPens
Person30_13,615,896,219,219,eyeball
Person30_13,15,1,935,1279,giftBag
Person30_14,115,919,343,262,rainbowPens
Person30_14,58,284,171,160,rubiksCube
Person30_14,638,961,98,100,eyeball
Person30_14,744,600,125,206,carabiner
Person30_15,333,823,336,361,metalKey
Person30_15,598,490,192,229,rubiksCube
Person30_15,1,150,447,384,rainbowPens
Person30_16,492,708,110,105,eyeball
Person30_16,358,1009,280,108,metalKey
Person30_16,277,308,313,251,rainbowPens
Person30_16,4,481,296,602,giftBag
Person30_16,398,763,156,166,rubiksCube
Person30_17,467,636,156,150,rubiksCube
Person30_17,88,921,243,102,metalKey
Person30_17,604,359,136,139,eyeball
Person30_17,1,254,278,192,rainbowPens
Person30_17,46,386,171,187,carabiner
Person30_18,332,646,149,49,metalKey
Person30_18,39,378,332,371,giftBag
Person30_18,675,408,60,61,eyeball
Person30_18,761,373,55,74,rubiksCube
Person30_18,591,528,212,187,rainbowPens
Person30_18,523,652,383,198,silverStraw
Person30_18,1058,643,146,168,carabiner
Person30_1,427,626,1080,1146,giftBag
Person30_1,307,2203,850,758,silverStraw
Person30_1,1454,2676,727,361,carabiner
Person30_1,1738,2049,219,258,rubiksCube
Person30_1,2204,2026,338,758,rainbowPens
Person30_2,438,1183,700,1694,rainbowPens
Person30_2,1782,983,125,2200,silverStraw
Person30_3,663,639,688,1388,rainbowPens
Person30_3,1882,345,87,1838,silverStraw
Person30_4,607,145,456,3763,silverStraw
Person30_5,1396,1467,1319,567,metalKey
Person30_6,432,602,1106,1156,giftBag
Person30_6,319,2208,844,737,silverStraw
Person30_6,1744,2058,232,244,rubiksCube
Person30_6,2207,2008,325,781,rainbowPens
Person30_6,1469,2645,707,438,carabiner
Person30_7,451,1183,675,1712,rainbowPens
Person30_7,1776,989,156,2213,silverStraw
Person30_7,1101,2877,281,756,metalKey
Person30_8,682,652,662,1393,rainbowPens
Person30_8,1888,370,81,1813,silverStraw
Person30_8,1382,2077,300,568,metalKey
Person30_9,588,145,475,3719,silverStraw
Person31_1,648,648,2073,911,cupcakePaper
Person31_1,687,1682,1861,739,blueSunglasses
Person31_1,1404,1965,789,650,turtle
Person31_1,21,1676,2715,1972,paperPlate
Person31_2,1113,16,2338,987,cupcakePaper
Person31_2,1205,1107,2008,659,blueSunglasses
Person31_2,2242,1382,817,684,turtle
Person31_2,17,1003,3631,1733,paperPlate
Person31_2,2067,932,267,796,rainbowPens
Person31_3,2134,1582,717,630,turtle
Person31_3,1667,349,1621,883,cupcakePaper
Person31_3,1555,1245,1712,554,blueSunglasses
Person31_3,309,1120,3339,1616,paperPlate
Person31_3,2338,912,317,820,rainbowPens
Person31_4,809,1362,771,654,glassBead
Person31_4,1451,595,1450,1012,turtle
Person31_5,65,70,128,204,stickerBox
Person32_10,1614,671,2538,2937,cloudSign
Person32_11,2705,1888,139,83,turtle
Person32_11,2513,1482,452,401,cloudSign
Person32_12,3120,846,1169,1550,miniCards
Person32_12,2458,527,2562,637,metalKey
Person32_13,3936,2390,375,413,cloudSign
Person32_14,2633,2433,487,381,turtle
Person32_15,1708,1102,656,600,miniCards
Person32_16,1102,883,2931,1369,plaidPencil
Person32_17,2295,833,1075,1394,metalKey
Person32_18,3952,1808,900,556,turtle
Person32_18,2614,696,1881,2268,pumpkinNotes
Person32_18,8,1639,1294,807,plaidPencil
Person32_19,1945,802,1894,2537,miniCards
Person32_20,1520,1052,2307,1794,turtle
Person32_21,2527,77,337,3287,plaidPencil
Person32_22,889,1295,4106,1213,metalKey
Person32_23,1264,277,2150,3106,pumpkinNotes
Person32_24,1420,121,2863,3412,cloudSign
Person32_25,1858,1433,819,981,cloudSign
Person32_26,4097,3094,147,191,miniCards
Person32_27,3495,1058,388,288,turtle
Person32_29,2191,726,302,311,cloudSign
Person32_30,2164,1914,2163,769,plaidPencil
Person32_31,339,2952,1588,694,pumpkinNotes
Person32_33,302,2352,1375,706,metalKey
Person32_37,1415,1687,243,245,pumpkinNotes
Person32_37,3419,2117,100,130,miniCards
Person32_38,908,2639,329,240,turtle
Person32_39,444,2297,737,943,metalKey
Person32_40,2289,785,718,768,cloudSign
Person32_43,3758,3039,737,609,turtle
Person32_47,1514,2374,725,276,metalKey
Person32_48,4231,1826,1229,447,metalKey
Person32_48,3773,1726,547,440,miniCards
Person32_49,1583,589,1959,2395,yellowBag
Person32_50,334,2275,1225,1644,pumpkinNotes
Person32_51,854,1664,937,968,pumpkinNotes
Person32_52,1198,2645,439,525,miniCards
Person32_53,2009,3190,264,366,metalKey
Person32_54,34,2143,132,107,turtle
Person32_54,592,843,153,135,miniCards
Person32_55,2626,2070,995,141,plaidPencil
Person32_55,1290,920,404,395,pumpkinNotes
Person32_56,1901,1807,637,821,cloudSign
Person32_5,1364,2389,1069,1075,pumpkinNotes
Person32_6,1633,2146,3187,437,plaidPencil
Person32_7,1764,477,388,669,turtle
Person32_8,1308,2552,787,394,metalKey
Person32_9,1777,833,881,975,miniCards
Person33_10,483,429,125,84,turtle
Person33_10,182,185,52,52,brownDie
Person33_11,215,314,244,135,foamDart
Person33_12,581,312,146,266,hairRoller
Person33_12,858,256,328,317,foamDart
Person33_13,339,447,62,81,hairRoller
Person33_13,375,337,112,91,foamDart
Person33_14,569,993,161,166,brownDie
Person33_15,552,788,88,81,brownDie
Person33_16,442,529,330,274,turtle
Person33_17,471,565,543,244,giftBag
Person33_18,508,1044,127,104,turtle
Person33_19,686,502,49,54,redWhistle
Person33_1,238,100,96,104,brownDie
Person33_1,364,990,104,169,foamDart
Person33_20,401,454,280,707,foamDart
Person33_21,757,498,151,144,redWhistle
Person33_22,1,476,1034,1123,giftBag
Person33_23,786,507,47,64,foamDart
Person33_24,188,600,251,98,foamDart
Person33_24,557,414,560,251,giftBag
Person33_24,1174,589,77,55,turtle
Person33_25,481,503,235,173,redWhistle
Person33_26,489,1012,114,181,redWhistle
Person33_27,274,766,239,163,redWhistle
Person33_28,83,109,104,57,pinkEraser
Person33_29,1645,1273,1164,782,turtle
Person33_2,203,118,404,224,giftBag
Person33_30,1064,1313,659,513,turtle
Person33_31,713,1127,846,564,turtle
Person33_31,2322,1264,1573,786,hairRoller
Person33_32,1932,950,1000,896,turtle
Person33_33,504,886,878,978,turtle
Person33_33,2563,886,500,396,brownDie
Person33_34,745,1336,1177,1041,turtle
Person33_34,1791,1582,563,527,brownDie
Person33_34,1859,1273,977,600,redWhistle
Person33_34,6,9,2359,1159,giftBag
Person33_35,734,2006,1175,1769,turtle
Person33_36,1241,1305,854,531,turtle
Person33_36,1972,1105,914,1100,hairRoller
Person33_37,622,1350,664,1673,foamDart
Person33_38,2576,2563,593,400,turtle
Person33_39,1716,2430,373,993,turtle
Person33_3,289,585,218,161,redWhistle
Person33_40,1863,305,500,1427,foamDart
Person33_40,436,264,3123,1395,giftBag
Person33_41,909,756,1056,2244,foamDart
Person33_42,1776,577,2160,1933,turtle
Person33_43,629,3137,820,833,turtle
Person33_44,1029,2123,974,640,turtle
Person33_45,2229,1,3600,1009,giftBag
Person33_46,2109,383,1400,940,turtle
Person33_47,469,1590,907,607,turtle
Person33_48,1022,1605,650,886,turtle
Person33_48,1809,814,813,1463,hairRoller
Person33_49,1,113,4095,2109,giftBag
Person33_4,184,286,98,102,brownDie
Person33_50,2136,1291,1546,1350,turtle
Person33_51,3310,336,1373,3634,foamDart
Person33_51,9,23,5991,3100,giftBag
Person33_52,1529,1690,854,647,turtle
Person33_53,2709,1657,980,1120,brownDie
Person33_54,565,969,1450,1037,turtle
Person33_54,859,1619,1038,1494,hairRoller
Person33_55,1464,1122,795,518,turtle
Person33_56,304,1155,950,650,turtle
Person33_56,2177,555,1282,2191,foamDart
Person33_57,606,2095,575,1800,foamDart
Person33_58,996,1293,1163,848,turtle
Person33_58,2780,1588,616,579,brownDie
Person33_59,1424,778,435,1236,foamDart
Person33_5,239,398,216,123,redWhistle
Person33_60,17,1646,984,684,turtle
Person33_61,2343,1317,1140,1206,brownDie
Person33_6,303,297,356,628,foamDart
Person33_7,175,311,498,429,giftBag
Person33_8,57,87,542,295,foamDart
Person33_8,540,426,97,94,brownDie
Person33_8,844,75,175,106,redWhistle
Person33_9,594,327,91,84,brownDie
Person34_10,1968,414,732,1377,partyFavor
Person34_10,1463,1277,482,450,rubiksCube
Person34_10,1618,1586,614,741,legoBracelet
Person34_10,1827,1609,341,400,turtle
Person34_11,472,891,991,1086,redBow
Person34_11,982,2082,677,682,legoBracelet
Person34_12,1427,1541,623,741,rubiksCube
Person34_13,1618,1186,1886,1838,partyFavor
Person34_14,1341,891,1777,995,partyFavor
Person34_16,1950,1327,582,655,rubiksCube
Person34_17,832,2055,1113,863,partyFavor
Person34_18,1482,1659,654,687,turtle
Person34_19,1136,832,586,968,vancouverCards
Person34_19,2522,1177,550,532,rubiksCube
Person34_21,1759,1655,541,595,partyFavor
Person34_21,2118,1114,227,372,legoBracelet
Person34_22,1436,1209,1009,1377,redBow
Person34_22,2182,886,345,496,turtle
Person34_23,1968,1046,264,436,turtle
Person34_23,1472,1923,432,436,rubiksCube
Person34_23,1268,1323,900,1141,redBow
Person34_24,1432,1286,322,282,legoBracelet
Person34_24,2632,2150,195,196,rubiksCube
Person34_25,1932,1705,168,218,turtle
Person34_25,1591,1459,650,232,redBow
Person34_26,1682,1450,163,227,turtle
Person34_27,1627,732,905,677,legoBracelet
Person34_28,1386,50,1782,2959,redBow
Person34_29,2004,1064,796,459,turtle
Person34_2,1336,1123,464,477,rubiksCube
Person34_2,795,741,405,336,spiderRing
Person34_2,1036,391,632,532,legoBracelet
Person34_2,1432,5,927,1159,redBow
Person34_2,3250,764,686,1577,partyFavor
Person34_30,1745,959,809,932,rubiksCube
Person34_31,2518,2241,436,427,rubiksCube
Person34_32,1,1697,1348,710,vancouverCards
Person34_32,1272,1282,1300,1404,partyFavor
Person34_33,361,1958,228,242,rubiksCube
Person34_33,1159,1713,173,162,redBow
Person34_33,864,1977,675,494,vancouverCards
Person34_33,1539,1771,610,731,partyFavor
Person34_33,3436,1560,340,525,legoBracelet
Person34_34,1857,1712,189,187,rubiksCube
Person34_34,2093,1401,580,404,partyFavor
Person34_34,3299,581,331,542,legoBracelet
Person34_35,1032,1182,1172,1534,redBow
Person34_36,1913,1646,546,495,rubiksCube
Person34_38,1332,377,1368,555,partyFavor
Person34_39,1141,786,800,619,partyFavor
Person34_39,2200,736,322,264,rubiksCube
Person34_3,1622,1132,373,477,spiderRing
Person34_40,2672,1209,978,896,partyFavor
Person34_41,18,386,3700,2638,partyFavor
Person34_41,745,459,1814,1137,spiderRing
Person34_42,1190,2106,1125,869,spiderRing
Person34_42,1428,431,1562,3494,redBow
Person34_43,445,759,1455,1568,rubiksCube
Person34_43,1745,1473,1496,982,turtle
Person34_44,2772,1382,337,232,turtle
Person34_45,2359,1786,282,291,spiderRing
Person34_46,2245,1746,246,250,spiderRing
Person34_47,1559,3169,162,369,turtle
Person34_48,2132,1355,686,527,spiderRing
Person34_48,2241,886,431,519,turtle
Person34_49,3222,1123,414,404,turtle
Person34_49,3241,1491,504,464,spiderRing
Person34_49,868,1259,1604,1641,redBow
Person34_4,2441,1659,804,768,rubiksCube
Person34_50,1086,396,1518,950,legoBracelet
Person34_5,1836,1600,223,318,turtle
Person34_5,2600,1696,322,363,spiderRing
Person34_7,3322,1309,391,427,turtle
Person34_8,1295,809,582,518,rubiksCube
Person34_8,1722,9,714,1568,redBow
Person34_9,1104,1368,750,687,legoBracelet
Person35_10,625,489,210,207,cowbell
Person35_12,462,508,478,510,cowbell
Person35_12,557,691,202,176,eyeball
Person35_1,691,879,132,142,trophy
Person35_1,191,838,71,66,gyroscope
Person35_1,374,894,222,119,canadaPencil
Person35_1,818,413,110,134,cowbell
Person35_2,425,538,259,483,trophy
Person35_3,516,645,256,259,pinkCandle
Person35_4,401,743,339,265,turtle
Person35_5,262,284,493,527,cowbell
Person35_6,172,1247,351,232,canadaPencil
Person35_6,511,974,153,98,gyroscope
Person35_7,650,504,95,751,canadaPencil
Person35_8,694,35,500,576,trophy
Person35_8,611,567,207,361,canadaPencil
Person35_8,416,843,95,131,pinkCandle
Person35_9,6,1133,283,175,gyroscope
Person35_9,625,838,134,141,eyeball
Person36_1,119,115,54,106,voiceRecorder
Person36_2,2242,1325,765,523,turtle
Person36_3,1524,1225,906,541,turtle
Person36_4,501,413,1100,935,hairClip
Person36_5,1989,1254,882,930,hairClip
Person36_5,2301,1607,453,500,lavenderDie
Person36_6,1771,366,900,1923,sign
Person36_7,2107,595,2300,2861,silverStraw
Person36_8,1713,113,2724,3343,noisemaker
Person37_10,86,214,2355,2200,cloudSign
Person37_10,1536,223,1946,2441,paperPlate
Person37_11,2945,1291,582,536,partyFavor
Person37_11,400,959,2627,632,noisemaker
Person37_11,386,1523,2727,823,noisemaker
Person37_13,163,1000,1364,1173,cloudSign
Person37_13,1700,541,1845,1814,paperPlate
Person37_13,3027,46,477,568,hairRoller
Person37_13,3336,2250,605,591,redDart
Person37_14,172,1250,1091,1159,cloudSign
Person37_14,1432,327,2400,2409,paperPlate
Person37_15,177,1105,1055,1045,cloudSign
Person37_15,1377,509,1936,1946,paperPlate
Person37_15,1663,1450,519,373,gyroscope
Person37_15,2672,5,510,500,hairRoller
Person37_15,3163,2400,737,624,redDart
Person37_16,400,982,1082,604,noisemaker
Person37_16,1868,1541,632,650,paperPlate
Person37_16,2959,1596,550,622,cloudSign
Person37_17,1195,418,1982,2182,noisemaker
Person37_18,2400,1818,568,405,gyroscope
Person37_19,1291,709,1800,1518,cloudSign
Person37_1,600,205,2736,2600,noisemaker
Person37_20,986,9,2918,3015,paperPlate
Person37_20,1945,1027,891,937,hairRoller
Person37_21,1059,1155,2013,591,redDart
Person37_22,1495,968,1687,1382,cloudSign
Person37_22,122,782,3910,1877,noisemaker
Person37_23,313,1146,2200,690,partyFavor
Person37_23,2518,1196,1009,686,gyroscope
Person37_24,836,1155,1273,1231,hairRoller
Person37_24,1909,541,1236,1005,redDart
Person37_2,1772,1277,787,932,gyroscope
Person37_4,991,346,2218,2186,paperPlate
Person37_5,1132,409,1795,2105,cloudSign
Person37_6,1463,882,1037,1264,redDart
Person37_7,695,564,2191,2113,partyFavor
Person37_8,1613,782,1264,1191,hairRoller
Person37_9,373,1604,245,291,gyroscope
Person37_9,295,446,664,609,cloudSign
Person37_9,1041,336,959,823,paperPlate
Person37_9,1536,1532,232,350,hairRoller
Person37_9,2082,709,640,323,partyFavor
Person37_9,2841,341,1118,2641,noisemaker
Person37_9,2186,1559,314,359,redDart
Person38_10,481,530,249,225,rubiksCube
Person38_11,199,335,702,654,rubiksCube
Person38_12,559,718,205,144,rubiksCube
Person38_13,150,423,995,322,redDart
Person38_14,255,560,646,234,redDart
Person38_15,159,899,400,241,redWhistle
Person38_15,538,352,451,498,redDart
Person38_15,230,260,566,641,cowbell
Person38_16,418,560,185,144,redWhistle
Person38_16,450,708,653,232,redDart
Person38_16,516,408,302,293,rubiksCube
Person38_16,445,43,310,458,cowbell
Person38_16,813,496,387,373,rainbowPens
Person38_16,6,147,1163,857,yellowBag
Person38_1,196,504,729,121,rainbowPens
Person38_2,3,545,971,122,rainbowPens
Person38_3,172,443,753,561,yellowBag
Person38_4,218,30,190,764,rainbowPens
Person38_4,364,479,836,590,yellowBag
Person38_5,391,482,305,170,redWhistle
Person38_6,464,538,254,134,redWhistle
Person38_7,369,430,266,134,redWhistle
Person38_7,786,399,414,319,rainbowPens
Person38_7,99,282,1031,543,yellowBag
Person38_8,201,1,773,922,cowbell
Person38_9,240,206,580,593,cowbell
Person39_10,584,56,188,225,miniCards
Person39_11,264,385,314,320,miniCards
Person39_11,1,14,322,178,canadaPencil
Person39_12,1,318,397,91,redDart
Person39_12,387,371,252,340,miniCards
Person39_1,1248,884,2841,1688,vancouverCards
Person39_2,70,1,116,292,voiceRecorder
Person39_3,199,65,608,323,blueSunglasses
Person39_3,465,161,202,437,canadaPencil
Person39_4,258,244,498,477,blueSunglasses
Person39_4,64,411,600,268,canadaPencil
Person39_5,172,239,500,250,legoBracelet
Person39_6,237,203,529,349,legoBracelet
Person39_7,189,458,140,227,legoBracelet
Person39_8,109,214,198,280,redDart
Person39_8,332,205,209,159,legoBracelet
Person39_8,573,321,327,128,foamDart
Person39_9,158,468,318,234,redDart
Person39_9,217,400,406,280,foamDart
Person40_10,1024,13,4159,3443,redBow
Person40_1,135,160,39,34,redDart
Person40_2,115,96,62,95,redDart
Person40_3,124,73,52,75,eyeball
Person40_4,116,113,47,67,eyeball
Person40_5,2418,2207,1277,1182,glassBead
Person40_5,1651,275,1420,1144,glassBead
Person40_5,1495,331,1753,1900,hairClip
Person40_6,1571,1007,3613,1953,metalKey
Person40_7,1271,1072,1218,2384,pinkEraser
Person40_8,1995,1154,1188,2302,pinkEraser
Person40_9,13,754,4594,1694,pinkEraser
